{"cameraMode":{"drawMode":0,"name":"Shaded","section":"Shading Mode"},"sceneLighting":false,"audioPlay":false,"sceneViewState":{"m_AlwaysRefresh":false,"showFog":true,"showSkybox":false,"showFlares":true,"showImageEffects":true,"showParticleSystems":true,"showVisualEffectGraphs":true,"m_FxEnabled":true},"in2DMode":false,"pivot":{"x":-0.07617358863353729,"y":1.524092674255371,"z":1.1994483470916749},"rotation":{"x":0.005781479645520449,"y":0.9905085563659668,"z":-0.1318226307630539,"w":0.04267759993672371},"size":0.829156219959259,"orthographic":false}