{"cameraMode":{"drawMode":0,"name":"Shaded","section":"Shading Mode"},"sceneLighting":false,"audioPlay":false,"sceneViewState":{"m_AlwaysRefresh":false,"showFog":true,"showSkybox":false,"showFlares":true,"showImageEffects":true,"showParticleSystems":true,"showVisualEffectGraphs":true,"m_FxEnabled":true},"in2DMode":false,"pivot":{"x":0.26108789443969729,"y":0.8730243444442749,"z":-0.08822941780090332},"rotation":{"x":-0.003089599311351776,"y":0.960623562335968,"z":-0.278012752532959,"w":-0.010428395122289658},"size":0.9728872179985046,"orthographic":false}